﻿<?xml version="1.0" encoding="utf-8"?>
<Project>
  <TemplateObjectList>
    <TemplateObject objectName="self" id="0" isTemp="false" />
    <TemplateObject objectName="target" id="1" isTemp="false" />
  </TemplateObjectList>
  <RefParamList />
  <Action tag="" length="3.000" loop="false">
    <Track trackName="SkillFuncDuration0" eventType="SkillFuncDuration" guid="621685fc-7be4-4dcc-b5ea-f079bdee3e9c" enabled="true" useRefParam="false" refParamName="" r="0.000" g="0.000" b="0.000" execOnForceStopped="false" execOnActionCompleted="false" stopAfterLastEvent="true" lod="0">
      <Event eventName="SkillFuncDuration" time="0.000" length="3.000" isDuration="true" guid="1a7dd5b5-6dd4-436e-a137-1fe545815c37">
        <Enum name="SkillFuncType" value="11" refParamName="" useRefParam="false">
          <uint name="物理伤害" />
          <uint name="法术伤害" />
          <uint name="真实伤害" />
          <uint name="回复生命值" />
          <uint name="增加攻击速度" />
          <uint name="减少攻击速度" />
          <uint name="增加移动速度" />
          <uint name="减少移动速度" />
          <uint name="提高攻击力" />
          <uint name="降低攻击力" />
          <uint name="吸血" />
          <uint name="增加护甲" />
          <uint name="减少护甲" />
          <uint name="增加抗性" />
          <uint name="减少抗性" />
          <uint name="免疫效果" />
          <uint name="减少技能CD" />
          <uint name="增加法术强度" />
          <uint name="减少法术强度" />
          <uint name="增加暴击率" />
          <uint name="减少暴击率" />
          <uint name="增加最大生命" />
          <uint name="减少最大生命" />
          <uint name="增加物理穿透" />
          <uint name="减少物理穿透" />
          <uint name="增加法术穿透" />
          <uint name="减少法术穿透" />
          <uint name="护盾" />
          <uint name="增加技能印记" />
          <uint name="触发技能印记" />
          <uint name="免疫伤害" />
          <uint name="免疫控制" />
          <uint name="迅速复活" />
          <uint name="法球效果" />
          <uint name="驱散效果" />
          <uint name="物理吸血" />
          <uint name="法术吸血" />
          <uint name="伤害免疫率" />
          <uint name="获取视野效果" />
          <uint name="隐身效果" />
          <uint name="伤害输出率效果" />
          <uint name="韧性率效果" />
          <uint name="冷却缩减效果" />
          <uint name="抗暴率效果" />
          <uint name="条件伤害输出率效果" />
          <uint name="忽略RVO" />
          <uint name="生命条件效果" />
          <uint name="更换血条风格" />
          <uint name="目标伤害加成效果" />
          <uint name="击杀经验加成效果" />
          <uint name="增加经验效果" />
          <uint name="受控额外效果" />
          <uint name="免疫暴击效果" />
          <uint name="限制最大伤害效果" />
          <uint name="免疫致命伤害效果" />
          <uint name="改变技能" />
          <uint name="禁用技能" />
          <uint name="改变暴击伤害效果" />
          <uint name="回复能量值" />
          <uint name="改变护甲穿透率" />
          <uint name="改变法术穿透率" />
          <uint name="普攻带法术效果" />
          <uint name="增加法术强度率" />
          <uint name="法术强度增益效果" />
          <uint name="回复增益效果" />
          <uint name="脱离战斗提速效果" />
          <uint name="护盾免疫控制" />
          <uint name="护甲减伤率" />
          <uint name="生命低时额外伤害" />
          <uint name="致盲" />
          <uint name="移除技能效果" />
          <uint name="击杀金币加成效果" />
          <uint name="技能额外伤害效果" />
          <uint name="改变被动技能参数" />
          <uint name="改变狂意值" />
          <uint name="现形效果" />
          <uint name="增加能量值" />
          <uint name="增加怒气值" />
          <uint name="改变法球槽位" />
          <uint name="根据护甲值增加攻击力" />
          <uint name="格挡伤害" />
          <uint name="增大视野半径" />
          <uint name="单个技能吸血" />
          <uint name="反弹" />
          <uint name="伤害触发技能效果" />
          <uint name="减少复活时间" />
          <uint name="减少法术伤害" />
          <uint name="免疫角色技能" />
          <uint name="槽位伤害加成效果" />
          <uint name="延长技能效果" />
          <uint name="属性转换" />
          <uint name="类型伤害加成效果" />
          <uint name="增加最大法力值" />
          <uint name="减少最大法力值" />
          <uint name="改变训诫值" />
          <uint name="改变锐气值" />
          <uint name="共享免疫控制" />
          <uint name="共享伤害" />
          <uint name="反击普攻伤害" />
          <uint name="伤害前调整受到伤害" />
          <uint name="伤害前调整造成伤害" />
          <uint name="背后攻击暴击" />
          <uint name="暴击率转化暴击伤害" />
          <uint name="槽位修改暴击效果" />
          <uint name="增加金钱效果" />
          <uint name="改变英雄生命时长" />
          <uint name="离开攻击者一定范围后清除BUFF" />
          <uint name="指定目标伤害加成" />
          <uint name="除目标外免疫控制" />
          <uint name="减速抵抗" />
          <uint name="解除减速效果" />
          <uint name="免疫死亡" />
          <uint name="能量消耗削减" />
          <uint name="增加足球能量" />
          <uint name="特殊效果奉献" />
          <uint name="增加自定义能量" />
          <uint name="角色重生" />
          <uint name="能量获取削减比例" />
          <uint name="提高生命五回" />
          <uint name="降低生命五回" />
          <uint name="提高魔法五回" />
          <uint name="降低魔法五回" />
          <uint name="忽略防御效果" />
          <uint name="属性互相增益效果" />
          <uint name="主人属性转化给宠物" />
          <uint name="恐惧效果" />
          <uint name="限制单次伤害上下限效果" />
          <uint name="免疫技能选中" />
          <uint name="消耗法力值抵挡伤害" />
          <uint name="溢出法力转化护盾" />
          <uint name="增加自适应伤害" />
          <uint name="链接伤害" />
          <uint name="复活时间减少率" />
          <uint name="额外护盾" />
          <uint name="生命低时额外护盾" />
          <uint name="额外治疗" />
          <uint name="生命低时额外治疗" />
          <uint name="装备属性万分比加成" />
          <uint name="灰血属性" />
          <uint name="CD标记" />
          <uint name="在阻挡中移动" />
          <uint name="增加攻击回蓝率" />
          <uint name="减少攻击回蓝率" />
          <uint name="增加受击回蓝率" />
          <uint name="减少受击回蓝率" />
          <uint name="挂上被动" />
          <uint name="分摊伤害" />
          <uint name="增加最大能量" />
          <uint name="特殊效果谦让" />
          <uint name="吸收伤害效果" />
          <uint name="自杀" />
          <uint name="消除伤害" />
          <uint name="延迟伤害" />
          <uint name="Buff或印记快照" />
          <uint name="恢复Buff或印记快照" />
          <uint name="改变射程" />
          <uint name="改变被动CD显示条" />
          <uint name="增加能量值special" />
          <uint name="护盾衰减" />
          <uint name="必定暴击效果" />
          <uint name="触发buff" />
          <uint name="伤害转化为护盾" />
          <uint name="同步技能禁用" />
        </Enum>
        <bool name="bIsOverrideParamsFromXls" value="false" refParamName="" useRefParam="false" />
        <int name="OverrideParam1" value="0" refParamName="" useRefParam="false" />
        <int name="OverrideParam2" value="0" refParamName="" useRefParam="false" />
        <int name="OverrideParam3" value="0" refParamName="" useRefParam="false" />
        <int name="OverrideParam4" value="0" refParamName="" useRefParam="false" />
        <int name="OverrideParam5" value="0" refParamName="" useRefParam="false" />
      </Event>
    </Track>
    <Track trackName="SkillFuncDuration0" eventType="SkillFuncDuration" guid="fc4d152a-9a68-496a-a758-cfd28d384144" enabled="true" useRefParam="false" refParamName="" r="0.000" g="0.000" b="0.000" execOnForceStopped="false" execOnActionCompleted="false" stopAfterLastEvent="true" lod="0">
      <Event eventName="SkillFuncDuration" time="0.000" length="3.000" isDuration="true" guid="9f260411-3f96-4fef-abda-aa53c471f672">
        <Enum name="SkillFuncType" value="13" refParamName="" useRefParam="false">
          <uint name="物理伤害" />
          <uint name="法术伤害" />
          <uint name="真实伤害" />
          <uint name="回复生命值" />
          <uint name="增加攻击速度" />
          <uint name="减少攻击速度" />
          <uint name="增加移动速度" />
          <uint name="减少移动速度" />
          <uint name="提高攻击力" />
          <uint name="降低攻击力" />
          <uint name="吸血" />
          <uint name="增加护甲" />
          <uint name="减少护甲" />
          <uint name="增加抗性" />
          <uint name="减少抗性" />
          <uint name="免疫效果" />
          <uint name="减少技能CD" />
          <uint name="增加法术强度" />
          <uint name="减少法术强度" />
          <uint name="增加暴击率" />
          <uint name="减少暴击率" />
          <uint name="增加最大生命" />
          <uint name="减少最大生命" />
          <uint name="增加物理穿透" />
          <uint name="减少物理穿透" />
          <uint name="增加法术穿透" />
          <uint name="减少法术穿透" />
          <uint name="护盾" />
          <uint name="增加技能印记" />
          <uint name="触发技能印记" />
          <uint name="免疫伤害" />
          <uint name="免疫控制" />
          <uint name="迅速复活" />
          <uint name="法球效果" />
          <uint name="驱散效果" />
          <uint name="物理吸血" />
          <uint name="法术吸血" />
          <uint name="伤害免疫率" />
          <uint name="获取视野效果" />
          <uint name="隐身效果" />
          <uint name="伤害输出率效果" />
          <uint name="韧性率效果" />
          <uint name="冷却缩减效果" />
          <uint name="抗暴率效果" />
          <uint name="条件伤害输出率效果" />
          <uint name="忽略RVO" />
          <uint name="生命条件效果" />
          <uint name="更换血条风格" />
          <uint name="目标伤害加成效果" />
          <uint name="击杀经验加成效果" />
          <uint name="增加经验效果" />
          <uint name="受控额外效果" />
          <uint name="免疫暴击效果" />
          <uint name="限制最大伤害效果" />
          <uint name="免疫致命伤害效果" />
          <uint name="改变技能" />
          <uint name="禁用技能" />
          <uint name="改变暴击伤害效果" />
          <uint name="回复能量值" />
          <uint name="改变护甲穿透率" />
          <uint name="改变法术穿透率" />
          <uint name="普攻带法术效果" />
          <uint name="增加法术强度率" />
          <uint name="法术强度增益效果" />
          <uint name="回复增益效果" />
          <uint name="脱离战斗提速效果" />
          <uint name="护盾免疫控制" />
          <uint name="护甲减伤率" />
          <uint name="生命低时额外伤害" />
          <uint name="致盲" />
          <uint name="移除技能效果" />
          <uint name="击杀金币加成效果" />
          <uint name="技能额外伤害效果" />
          <uint name="改变被动技能参数" />
          <uint name="改变狂意值" />
          <uint name="现形效果" />
          <uint name="增加能量值" />
          <uint name="增加怒气值" />
          <uint name="改变法球槽位" />
          <uint name="根据护甲值增加攻击力" />
          <uint name="格挡伤害" />
          <uint name="增大视野半径" />
          <uint name="单个技能吸血" />
          <uint name="反弹" />
          <uint name="伤害触发技能效果" />
          <uint name="减少复活时间" />
          <uint name="减少法术伤害" />
          <uint name="免疫角色技能" />
          <uint name="槽位伤害加成效果" />
          <uint name="延长技能效果" />
          <uint name="属性转换" />
          <uint name="类型伤害加成效果" />
          <uint name="增加最大法力值" />
          <uint name="减少最大法力值" />
          <uint name="改变训诫值" />
          <uint name="改变锐气值" />
          <uint name="共享免疫控制" />
          <uint name="共享伤害" />
          <uint name="反击普攻伤害" />
          <uint name="伤害前调整受到伤害" />
          <uint name="伤害前调整造成伤害" />
          <uint name="背后攻击暴击" />
          <uint name="暴击率转化暴击伤害" />
          <uint name="槽位修改暴击效果" />
          <uint name="增加金钱效果" />
          <uint name="改变英雄生命时长" />
          <uint name="离开攻击者一定范围后清除BUFF" />
          <uint name="指定目标伤害加成" />
          <uint name="除目标外免疫控制" />
          <uint name="减速抵抗" />
          <uint name="解除减速效果" />
          <uint name="免疫死亡" />
          <uint name="能量消耗削减" />
          <uint name="增加足球能量" />
          <uint name="特殊效果奉献" />
          <uint name="增加自定义能量" />
          <uint name="角色重生" />
          <uint name="能量获取削减比例" />
          <uint name="提高生命五回" />
          <uint name="降低生命五回" />
          <uint name="提高魔法五回" />
          <uint name="降低魔法五回" />
          <uint name="忽略防御效果" />
          <uint name="属性互相增益效果" />
          <uint name="主人属性转化给宠物" />
          <uint name="恐惧效果" />
          <uint name="限制单次伤害上下限效果" />
          <uint name="免疫技能选中" />
          <uint name="消耗法力值抵挡伤害" />
          <uint name="溢出法力转化护盾" />
          <uint name="增加自适应伤害" />
          <uint name="链接伤害" />
          <uint name="复活时间减少率" />
          <uint name="额外护盾" />
          <uint name="生命低时额外护盾" />
          <uint name="额外治疗" />
          <uint name="生命低时额外治疗" />
          <uint name="装备属性万分比加成" />
          <uint name="灰血属性" />
          <uint name="CD标记" />
          <uint name="在阻挡中移动" />
          <uint name="增加攻击回蓝率" />
          <uint name="减少攻击回蓝率" />
          <uint name="增加受击回蓝率" />
          <uint name="减少受击回蓝率" />
          <uint name="挂上被动" />
          <uint name="分摊伤害" />
          <uint name="增加最大能量" />
          <uint name="特殊效果谦让" />
          <uint name="吸收伤害效果" />
          <uint name="自杀" />
          <uint name="消除伤害" />
          <uint name="延迟伤害" />
          <uint name="Buff或印记快照" />
          <uint name="恢复Buff或印记快照" />
          <uint name="改变射程" />
          <uint name="改变被动CD显示条" />
          <uint name="增加能量值special" />
          <uint name="护盾衰减" />
          <uint name="必定暴击效果" />
          <uint name="触发buff" />
          <uint name="伤害转化为护盾" />
          <uint name="同步技能禁用" />
        </Enum>
        <bool name="bIsOverrideParamsFromXls" value="false" refParamName="" useRefParam="false" />
        <int name="OverrideParam1" value="0" refParamName="" useRefParam="false" />
        <int name="OverrideParam2" value="0" refParamName="" useRefParam="false" />
        <int name="OverrideParam3" value="0" refParamName="" useRefParam="false" />
        <int name="OverrideParam4" value="0" refParamName="" useRefParam="false" />
        <int name="OverrideParam5" value="0" refParamName="" useRefParam="false" />
      </Event>
    </Track>
    <Track trackName="BuffHudTriggerDuration0" eventType="BuffHudTriggerDuration" guid="094454f5-5a44-4767-81c5-38535ce01af1" enabled="true" useRefParam="false" refParamName="" r="0.000" g="0.000" b="0.000" execOnForceStopped="false" execOnActionCompleted="false" stopAfterLastEvent="true">
      <Event eventName="BuffHudTriggerDuration" time="0.000" length="3.000" isDuration="true" guid="ab817177-22e6-4990-839b-db4aaa154d86">
        <TemplateObject name="targetId" objectName="self" id="0" isTemp="false" refParamName="" useRefParam="false" />
        <bool name="bOverlay" value="false" refParamName="" useRefParam="false" />
        <int name="SelfSkillCombineID" value="167900" refParamName="" useRefParam="false" />
        <Enum name="iconType" value="11" refParamName="" useRefParam="false">
          <uint name="无" />
          <uint name="物攻增强" />
          <uint name="物攻削弱" />
          <uint name="法攻增强" />
          <uint name="法攻削弱" />
          <uint name="伤害增加" />
          <uint name="伤害减少" />
          <uint name="物抗增强" />
          <uint name="物抗削弱" />
          <uint name="法抗增强" />
          <uint name="法抗削弱" />
          <uint name="双抗增强" />
          <uint name="双抗削弱" />
          <uint name="受伤增加" />
          <uint name="受伤减少" />
          <uint name="物吸增强" />
          <uint name="法吸增强" />
          <uint name="韧性增强" />
        </Enum>
        <bool name="bVvisibility" value="true" refParamName="" useRefParam="false" />
        <Enum name="visibility" value="3" refParamName="" useRefParam="false">
          <uint name="施法者可见" />
          <uint name="施法者友方可见" />
          <uint name="施法者敌方可见" />
          <uint name="拥有者可见" />
          <uint name="拥有者友方可见" />
          <uint name="拥有者敌方可见" />
        </Enum>
        <bool name="bOriginVisble" value="false" refParamName="" useRefParam="false" />
        <bool name="bOriginCampVisible" value="false" refParamName="" useRefParam="false" />
        <bool name="bOriginEnemyVisible" value="false" refParamName="" useRefParam="false" />
        <bool name="bOnwerVisible" value="true" refParamName="" useRefParam="false" />
        <bool name="bOnwerCampVisible" value="false" refParamName="" useRefParam="false" />
        <bool name="bOnwerEnemyVisible" value="false" refParamName="" useRefParam="false" />
        <Enum name="priority1" value="0" refParamName="" useRefParam="false">
          <uint name="无" />
          <uint name="对施法者优先显示" />
          <uint name="对拥有者优先显示" />
        </Enum>
        <int name="priority2" value="2400" refParamName="" useRefParam="false" />
        <bool name="bDelay" value="false" refParamName="" useRefParam="false" />
        <int name="DelayTime" value="0" refParamName="" useRefParam="false" />
      </Event>
    </Track>
  </Action>
</Project>