﻿<?xml version="1.0" encoding="utf-8"?>
<Project>
  <TemplateObjectList>
    <TemplateObject objectName="self" id="0" isTemp="false" />
    <TemplateObject objectName="target" id="1" isTemp="false" />
  </TemplateObjectList>
  <RefParamList>
    <Vector3i name="_TargetDir" x="0" y="0" z="0" refParamName="" useRefParam="false" />
    <Vector3i name="_TargetPos" x="0" y="0" z="0" refParamName="" useRefParam="false" />
  </RefParamList>
  <Action tag="" length="2.000" loop="false">
    <Track trackName="SkillFuncDuration0" eventType="SkillFuncDuration" guid="4fb95fe3-92fb-45e5-a488-81cf4ab61563" enabled="true" useRefParam="false" refParamName="" r="0.000" g="0.000" b="0.000" execOnForceStopped="false" execOnActionCompleted="false" stopAfterLastEvent="true">
      <Event eventName="SkillFuncDuration" time="0.000" length="2.000" isDuration="true" guid="286f7b76-5878-46e0-8bc8-2e6c2a7d39ea">
        <Enum name="SkillFuncType" value="6" refParamName="" useRefParam="false">
          <uint name="物理伤害" />
          <uint name="法术伤害" />
          <uint name="真实伤害" />
          <uint name="回复生命值" />
          <uint name="增加攻击速度" />
          <uint name="减少攻击速度" />
          <uint name="增加移动速度" />
          <uint name="减少移动速度" />
          <uint name="提高攻击力" />
          <uint name="降低攻击力" />
          <uint name="吸血" />
          <uint name="增加护甲" />
          <uint name="减少护甲" />
          <uint name="增加抗性" />
          <uint name="减少抗性" />
          <uint name="免疫效果" />
          <uint name="减少技能CD" />
          <uint name="增加法术强度" />
          <uint name="减少法术强度" />
          <uint name="增加暴击率" />
          <uint name="减少暴击率" />
          <uint name="增加最大生命" />
          <uint name="减少最大生命" />
          <uint name="增加物理穿透" />
          <uint name="减少物理穿透" />
          <uint name="增加法术穿透" />
          <uint name="减少法术穿透" />
          <uint name="护盾" />
          <uint name="增加技能印记" />
          <uint name="触发技能印记" />
          <uint name="免疫伤害" />
          <uint name="免疫控制" />
          <uint name="迅速复活" />
          <uint name="法球效果" />
          <uint name="驱散效果" />
          <uint name="物理吸血" />
          <uint name="法术吸血" />
          <uint name="伤害免疫率" />
          <uint name="获取视野效果" />
          <uint name="隐身效果" />
          <uint name="伤害输出率效果" />
          <uint name="韧性率效果" />
          <uint name="冷却缩减效果" />
          <uint name="抗暴率效果" />
          <uint name="条件伤害输出率效果" />
          <uint name="忽略RVO" />
          <uint name="生命条件效果" />
          <uint name="更换血条风格" />
          <uint name="目标伤害加成效果" />
          <uint name="击杀经验加成效果" />
          <uint name="增加经验效果" />
          <uint name="受控额外效果" />
          <uint name="免疫暴击效果" />
          <uint name="限制最大伤害效果" />
          <uint name="免疫致命伤害效果" />
          <uint name="改变技能" />
          <uint name="禁用技能" />
          <uint name="改变暴击伤害效果" />
          <uint name="回复能量值" />
          <uint name="改变护甲穿透率" />
          <uint name="改变法术穿透率" />
          <uint name="普攻带法术效果" />
          <uint name="增加法术强度率" />
          <uint name="法术强度增益效果" />
          <uint name="回复增益效果" />
          <uint name="脱离战斗提速效果" />
          <uint name="护盾免疫控制" />
          <uint name="护甲减伤率" />
          <uint name="生命低时额外伤害" />
          <uint name="致盲" />
          <uint name="移除技能效果" />
          <uint name="击杀金币加成效果" />
          <uint name="技能额外伤害效果" />
          <uint name="改变被动技能参数" />
          <uint name="改变狂意值" />
          <uint name="现形效果" />
          <uint name="增加能量值" />
          <uint name="增加怒气值" />
          <uint name="改变法球槽位" />
          <uint name="根据护甲值增加攻击力" />
          <uint name="格挡伤害" />
          <uint name="增大视野半径" />
          <uint name="单个技能吸血" />
          <uint name="反弹" />
          <uint name="伤害触发技能效果" />
          <uint name="减少复活时间" />
          <uint name="减少法术伤害" />
          <uint name="免疫角色技能" />
          <uint name="槽位伤害加成效果" />
          <uint name="延长技能效果" />
          <uint name="属性转换" />
          <uint name="类型伤害加成效果" />
          <uint name="增加最大法力值" />
          <uint name="减少最大法力值" />
          <uint name="改变训诫值" />
          <uint name="改变锐气值" />
          <uint name="共享免疫控制" />
          <uint name="共享伤害" />
          <uint name="反击普攻伤害" />
          <uint name="伤害前调整受到伤害" />
          <uint name="伤害前调整造成伤害" />
          <uint name="背后攻击暴击" />
          <uint name="暴击率转化暴击伤害" />
          <uint name="槽位修改暴击效果" />
          <uint name="增加金钱效果" />
          <uint name="改变英雄生命时长" />
          <uint name="离开攻击者一定范围后清除BUFF" />
          <uint name="指定目标伤害加成" />
          <uint name="除目标外免疫控制" />
          <uint name="减速抵抗" />
          <uint name="解除减速效果" />
          <uint name="免疫死亡" />
          <uint name="能量消耗削减" />
          <uint name="增加足球能量" />
          <uint name="特殊效果奉献" />
          <uint name="增加自定义能量" />
          <uint name="角色重生" />
          <uint name="能量获取削减比例" />
          <uint name="提高生命五回" />
          <uint name="降低生命五回" />
          <uint name="提高魔法五回" />
          <uint name="降低魔法五回" />
          <uint name="忽略防御效果" />
          <uint name="属性互相增益效果" />
          <uint name="主人属性转化给宠物" />
          <uint name="恐惧效果" />
          <uint name="限制单次伤害上下限效果" />
          <uint name="免疫技能选中" />
          <uint name="消耗法力值抵挡伤害" />
          <uint name="溢出法力转化护盾" />
          <uint name="增加自适应伤害" />
          <uint name="链接伤害" />
          <uint name="复活时间减少率" />
          <uint name="额外护盾" />
          <uint name="生命低时额外护盾" />
          <uint name="额外治疗" />
          <uint name="生命低时额外治疗" />
          <uint name="装备属性万分比加成" />
          <uint name="灰血属性" />
          <uint name="CD标记" />
          <uint name="在阻挡中移动" />
          <uint name="增加攻击回蓝率" />
          <uint name="减少攻击回蓝率" />
          <uint name="增加受击回蓝率" />
          <uint name="减少受击回蓝率" />
          <uint name="挂上被动" />
          <uint name="分摊伤害" />
          <uint name="增加最大能量" />
          <uint name="特殊效果谦让" />
          <uint name="吸收伤害效果" />
          <uint name="自杀" />
          <uint name="消除伤害" />
          <uint name="延迟伤害" />
          <uint name="Buff或印记快照" />
          <uint name="恢复Buff或印记快照" />
          <uint name="改变射程" />
          <uint name="改变被动CD显示条" />
          <uint name="增加能量值special" />
          <uint name="护盾衰减" />
          <uint name="必定暴击效果" />
          <uint name="触发buff" />
          <uint name="伤害转化为护盾" />
          <uint name="同步技能禁用" />
        </Enum>
        <bool name="bIsOverrideParamsFromXls" value="false" refParamName="" useRefParam="false" />
        <int name="OverrideParam1" value="0" refParamName="" useRefParam="false" />
        <int name="OverrideParam2" value="0" refParamName="" useRefParam="false" />
        <int name="OverrideParam3" value="0" refParamName="" useRefParam="false" />
        <int name="OverrideParam4" value="0" refParamName="" useRefParam="false" />
        <int name="OverrideParam5" value="0" refParamName="" useRefParam="false" />
        <Enum name="EarningsSource" value="6" refParamName="" useRefParam="false">
          <uint name="" />
          <uint name="" />
          <uint name="" />
          <uint name="" />
          <uint name="" />
          <uint name="" />
          <uint name="技能AGE" />
          <uint name="" />
          <uint name="" />
          <uint name="" />
          <uint name="辅助装" />
          <uint name="炼金魔纹" />
        </Enum>
      </Event>
    </Track>
    <Track trackName="ChangeAnimDuration0" eventType="ChangeAnimDuration" guid="25d3d8eb-af51-4e2e-9678-a24de34a203a" enabled="true" useRefParam="false" refParamName="" r="0.000" g="0.000" b="0.000" execOnForceStopped="false" execOnActionCompleted="false" stopAfterLastEvent="true">
      <Event eventName="ChangeAnimDuration" time="0.000" length="2.000" isDuration="true" guid="ab4b1c14-e5e7-4e60-b995-c8e46e23922d">
        <TemplateObject name="targetId" objectName="self" id="0" isTemp="false" refParamName="" useRefParam="false" />
        <String name="originalAnimName" value="Run" refParamName="" useRefParam="false" />
        <String name="changedAnimName" value="Spell1" refParamName="" useRefParam="false" />
        <bool name="bOnlyRecover" value="false" refParamName="" useRefParam="false" />
        <bool name="bDontChangeIfNotExist" value="false" refParamName="" useRefParam="false" />
        <bool name="bReplaceSameChange" value="false" refParamName="" useRefParam="false" />
        <bool name="bChangeBlendTime" value="false" refParamName="" useRefParam="false" />
        <float name="fadeInBlendTime" value="0.150" refParamName="" useRefParam="false" />
        <float name="fadeOutBlendTime" value="0.150" refParamName="" useRefParam="false" />
        <bool name="bloopOverride" value="false" refParamName="" useRefParam="false" />
        <bool name="bloop" value="false" refParamName="" useRefParam="false" />
        <bool name="bChangeRunAnimBaseSpeed" value="false" refParamName="" useRefParam="false" />
        <float name="runAnimBaseSpeed" value="1.000" refParamName="" useRefParam="false" />
        <bool name="bImPlayAnim" value="true" refParamName="" useRefParam="false" />
        <bool name="bChangeRunAnimation" value="false" refParamName="" useRefParam="false" />
        <String name="runAnimName1" value="" refParamName="" useRefParam="false" />
        <int name="startDegree1" value="0" refParamName="" useRefParam="false" />
        <int name="endDegree1" value="0" refParamName="" useRefParam="false" />
        <String name="runAnimName2" value="" refParamName="" useRefParam="false" />
        <int name="startDegree2" value="0" refParamName="" useRefParam="false" />
        <int name="endDegree2" value="0" refParamName="" useRefParam="false" />
        <String name="runAnimName3" value="" refParamName="" useRefParam="false" />
        <int name="startDegree3" value="0" refParamName="" useRefParam="false" />
        <int name="endDegree3" value="0" refParamName="" useRefParam="false" />
        <String name="runAnimName4" value="" refParamName="" useRefParam="false" />
        <int name="startDegree4" value="0" refParamName="" useRefParam="false" />
        <int name="endDegree4" value="0" refParamName="" useRefParam="false" />
        <bool name="bUseDirectionalMove" value="false" refParamName="" useRefParam="false" />
        <bool name="bTimeRefresh" value="true" refParamName="" useRefParam="false" />
        <bool name="bNeedReConnectAgePerformance" value="false" refParamName="" useRefParam="false" />
      </Event>
    </Track>
  </Action>
</Project>